stock_code,stock_name,report_date,net_profit,net_profit_yoy,revenue,revenue_yoy,gross_margin,net_margin,roe,debt_ratio,bvps,ocf_ps,eps
002594,比亚迪,2008-12-31,10.21亿,False,277.27亿,False,20.54%,4.60%,9.29%,59.00%,5.50,0.87,0.5000
002594,比亚迪,2009-12-31,37.94亿,271.46%,411.14亿,48.28%,23.43%,9.92%,27.13%,52.96%,7.33,5.27,1.7700
002594,比亚迪,2010-03-31,17.04亿,False,132.47亿,False,25.49%,13.52%,False,False,False,1.25,0.7500
002594,比亚迪,2010-06-30,24.21亿,False,252.65亿,False,22.85%,10.24%,13.82%,False,False,1.39,1.0600
002594,比亚迪,2010-09-30,24.33亿,False,358.91亿,False,20.76%,7.57%,False,False,False,False,1.0692
002594,比亚迪,2010-12-31,25.23亿,-33.48%,484.48亿,17.84%,19.14%,6.02%,14.36%,60.06%,8.11,1.38,1.1100
002594,比亚迪,2011-03-31,2.67亿,-84.35%,117.10亿,-11.60%,17.02%,2.77%,False,62.55%,7.95,1.30,0.1200
002594,比亚迪,2011-06-30,2.75亿,-88.63%,225.45亿,-10.77%,15.76%,1.75%,1.43%,62.55%,8.53,1.98,0.1200
002594,比亚迪,2011-09-30,3.53亿,-85.50%,343.34亿,-4.34%,15.85%,1.49%,1.83%,63.36%,8.55,1.78,0.1531
002594,比亚迪,2011-12-31,13.85亿,-45.13%,488.82亿,0.78%,17.18%,3.27%,6.98%,63.46%,8.97,2.54,0.6000
002594,比亚迪,2012-03-31,2704.00万,-89.86%,117.34亿,0.20%,17.40%,0.46%,0.13%,63.73%,8.99,1.34,0.0100
002594,比亚迪,2012-06-30,1626.90万,-94.09%,225.82亿,0.17%,15.66%,0.46%,0.08%,64.12%,8.97,1.88,0.0100
002594,比亚迪,2012-09-30,2088.10万,-94.08%,331.09亿,-3.57%,14.70%,0.42%,0.10%,64.37%,8.99,1.29,0.0089
002594,比亚迪,2012-12-31,8137.70万,-94.12%,468.54亿,-4.05%,14.30%,0.45%,0.38%,64.86%,9.00,2.36,0.0300
002594,比亚迪,2013-03-31,1.12亿,315.63%,128.84亿,9.80%,15.94%,1.21%,0.53%,64.91%,9.06,0.31,0.0500
002594,比亚迪,2013-06-30,4.27亿,2524.24%,260.41亿,15.32%,15.90%,2.06%,2.00%,65.79%,9.17,0.98,0.1800
002594,比亚迪,2013-09-30,4.65亿,2127.38%,387.04亿,16.90%,15.61%,1.61%,2.17%,67.33%,9.18,0.71,0.1976
002594,比亚迪,2013-12-31,5.53亿,579.63%,528.63亿,12.83%,15.36%,1.47%,2.58%,67.46%,9.22,1.03,0.2300
002594,比亚迪,2014-03-31,1196.60万,-89.35%,117.24亿,-9.00%,17.01%,0.75%,0.06%,67.69%,9.23,-0.47,0.0100
002594,比亚迪,2014-06-30,3.61亿,-15.52%,267.16亿,2.59%,16.70%,2.10%,1.53%,66.94%,10.72,-0.22,0.1500
002594,比亚迪,2014-09-30,3.89亿,-16.38%,404.09亿,4.40%,15.36%,1.53%,1.65%,67.87%,10.23,-0.65,0.1624
002594,比亚迪,2014-12-31,4.34亿,-21.61%,581.96亿,10.09%,15.55%,1.27%,1.84%,69.26%,10.24,0.02,0.1800
002594,比亚迪,2015-03-31,1.21亿,910.75%,152.83亿,30.35%,17.16%,1.00%,0.48%,68.49%,10.30,1.59,0.0500
002594,比亚迪,2015-06-30,4.67亿,29.38%,315.82亿,18.22%,17.44%,1.98%,1.82%,69.11%,10.44,1.22,0.1900
002594,比亚迪,2015-09-30,19.61亿,404.32%,484.94亿,20.01%,17.74%,4.50%,7.22%,69.42%,11.02,-0.62,0.7873
002594,比亚迪,2015-12-31,28.23亿,551.28%,800.09亿,37.48%,16.87%,3.92%,10.22%,68.80%,11.75,1.55,1.1200
002594,比亚迪,2016-03-31,8.51亿,603.38%,202.85亿,32.74%,19.06%,4.43%,2.73%,67.13%,11.84,-0.51,0.3200
002594,比亚迪,2016-06-30,22.60亿,384.23%,449.50亿,42.32%,20.83%,5.49%,7.14%,68.14%,12.53,-0.58,0.8700
002594,比亚迪,2016-09-30,36.64亿,86.82%,727.98亿,50.12%,21.08%,5.46%,9.23%,59.21%,17.14,-1.04,1.3800
002594,比亚迪,2016-12-31,50.52亿,78.94%,1034.70亿,29.32%,20.36%,5.30%,12.91%,61.81%,17.40,-0.68,1.8800
002594,比亚迪,2017-03-31,6.06亿,-28.79%,210.46亿,3.75%,21.00%,3.71%,1.15%,61.50%,17.67,-0.89,0.2000
002594,比亚迪,2017-06-30,17.23亿,-23.75%,450.38亿,0.20%,20.32%,4.81%,3.33%,62.81%,17.90,-1.27,0.5900
002594,比亚迪,2017-09-30,27.91亿,-23.82%,739.33亿,1.56%,19.86%,4.68%,5.34%,64.26%,18.40,0.26,0.9600
002594,比亚迪,2017-12-31,40.66亿,-19.51%,1059.15亿,2.36%,19.01%,4.64%,7.76%,66.33%,18.73,2.33,1.4000
002594,比亚迪,2018-03-31,1.02亿,-83.09%,247.38亿,17.54%,17.14%,1.07%,0.08%,66.97%,18.75,-0.08,0.0200
002594,比亚迪,2018-06-30,4.79亿,-72.19%,541.51亿,20.23%,15.93%,1.61%,0.71%,68.97%,18.45,-0.59,0.1300
002594,比亚迪,2018-09-30,15.27亿,-45.30%,889.81亿,20.35%,16.43%,2.41%,2.65%,68.85%,18.54,2.44,0.4900
002594,比亚迪,2018-12-31,27.80亿,-31.63%,1300.55亿,22.79%,16.40%,2.73%,4.96%,68.81%,18.80,4.59,0.9300
002594,比亚迪,2019-03-31,7.50亿,631.98%,303.04亿,22.50%,19.05%,2.93%,1.33%,68.74%,19.29,0.15,0.2500
002594,比亚迪,2019-06-30,14.55亿,203.61%,621.84亿,14.84%,17.14%,2.65%,2.58%,68.87%,19.17,-0.76,0.4900
002594,比亚迪,2019-09-30,15.74亿,3.09%,938.22亿,5.44%,16.04%,2.02%,2.67%,68.48%,19.22,1.40,0.5100
002594,比亚迪,2019-12-31,16.14亿,-41.93%,1277.39亿,-1.78%,16.29%,1.66%,2.62%,68.00%,19.20,5.40,0.5000
002594,比亚迪,2020-03-31,1.13亿,-84.98%,196.79亿,-35.06%,17.66%,1.64%,0.08%,67.20%,19.18,1.81,0.0200
002594,比亚迪,2020-06-30,16.62亿,14.29%,605.03亿,-2.70%,19.60%,3.94%,2.84%,65.99%,20.28,5.70,0.5600
002594,比亚迪,2020-09-30,34.14亿,116.83%,1050.23亿,11.94%,20.75%,4.67%,5.89%,65.52%,20.88,10.51,1.1800
002594,比亚迪,2020-12-31,42.34亿,162.27%,1565.98亿,22.59%,19.38%,3.84%,7.43%,67.94%,20.45,16.64,1.4700
002594,比亚迪,2021-03-31,2.37亿,110.73%,409.92亿,108.31%,12.60%,1.25%,0.31%,60.23%,28.18,0.05,0.0800
002594,比亚迪,2021-06-30,11.74亿,-29.41%,908.85亿,50.22%,12.76%,1.99%,1.50%,59.94%,28.40,3.38,0.4100
002594,比亚迪,2021-09-30,24.43亿,-28.43%,1451.92亿,38.25%,12.97%,2.27%,3.06%,63.80%,28.82,11.14,0.8500
002594,比亚迪,2021-12-31,30.45亿,-28.08%,2161.42亿,38.02%,13.02%,1.84%,3.73%,64.76%,32.66,22.49,1.0600
002594,比亚迪,2022-03-31,8.08亿,240.59%,668.25亿,63.02%,12.40%,1.36%,0.85%,66.77%,32.92,4.10,0.2800
002594,比亚迪,2022-06-30,35.95亿,206.35%,1506.07亿,65.71%,13.51%,2.61%,3.75%,69.29%,33.19,14.83,1.2400
002594,比亚迪,2022-09-30,93.11亿,281.13%,2676.88亿,84.37%,15.89%,3.73%,9.43%,73.59%,35.21,31.27,3.2000
002594,比亚迪,2022-12-31,166.22亿,445.86%,4240.61亿,96.20%,17.04%,4.18%,16.14%,75.42%,38.14,48.38,5.7100
002594,比亚迪,2023-03-31,41.30亿,410.89%,1201.74亿,79.83%,17.86%,3.64%,3.65%,76.95%,39.70,4.97,1.4200
002594,比亚迪,2023-06-30,109.54亿,204.68%,2601.24亿,72.72%,18.33%,4.40%,9.36%,77.94%,41.11,28.16,3.7700
002594,比亚迪,2023-09-30,213.67亿,129.47%,4222.75亿,57.75%,19.79%,5.29%,17.74%,77.37%,44.61,33.62,7.3500
002594,比亚迪,2023-12-31,300.41亿,80.72%,6023.15亿,42.04%,20.21%,5.20%,24.40%,77.86%,47.68,58.30,10.3200
002594,比亚迪,2024-03-31,45.69亿,10.62%,1249.44亿,3.97%,21.88%,3.82%,3.24%,77.14%,49.15,3.51,1.5700
002594,比亚迪,2024-06-30,136.31亿,24.44%,3011.27亿,15.76%,20.01%,4.69%,9.67%,77.47%,49.08,4.87,1.5600
002594,比亚迪,2024-09-30,252.38亿,18.12%,5022.51亿,18.94%,20.77%,5.23%,17.15%,77.91%,53.44,19.34,2.8900
002594,比亚迪,2024-12-31,402.54亿,34.00%,7771.02亿,29.02%,19.44%,5.35%,26.05%,74.64%,58.56,45.87,4.6100
002594,比亚迪,2025-03-31,91.55亿,100.38%,1703.60亿,36.35%,20.07%,5.54%,4.37%,70.71%,71.85,2.82,1.0391
002594,比亚迪,2025-06-30,155.11亿,13.79%,3712.81亿,23.30%,18.01%,4.32%,7.43%,71.08%,69.25,10.47,1.7100
002594,比亚迪,2025-09-30,233.33亿,-7.55%,5662.66亿,12.75%,17.87%,4.28%,10.83%,71.35%,24.11,4.48,2.5600
002594,比亚迪,2025-12-31,326.19亿,-18.97%,8039.65亿,3.46%,17.74%,4.20%,15.31%,70.74%,24.96,6.49,3.5800
002594,比亚迪,2026-03-31,40.85亿,-55.38%,1502.25亿,-11.82%,18.81%,2.67%,1.65%,70.94%,25.44,0.31,0.4480
002594,比亚迪,2026-06-30,123.25亿,-20.54%,3448.15亿,-7.13%,18.85%,3.58%,4.86%,70.96%,26.32,4.10,1.3500
